मराठी,1,2:A,3,4,5,6,mar.1:20:प्रथम सत्र अंतर्गत मूल्यमापन एकूण:B,mar.2:100:प्रथम सत्र एकूण (A+B):C,7,8:D,9,10,11,12,mar.3:20:द्वितीय सत्र अंतर्गत मूल्यमापन एकूण:E,mar.4:100:द्वितीय सत्र एकूण (D+E):F,mar.5:200:एकूण:C+F,mar.6:100:100 गुणांत रुपांतर
गणित,65,66,mat.1:40:घटक चाचणी १ - एकूण,67,68,mat.2:80:प्रथम सत्र - लेखी परीक्षा एकूण:A,69,70,mat.3:10:प्रथम सत्र - गृहपाठ एकूण:B,71,72,mat.4:20:प्रथम सत्र - बहुपर्यायी प्रश्न परीक्षा एकूण,mat.5:10:१० गुणात रुपांतर:C,mat.6:20:एकूण(B+C):D,mat.7:100:प्रथम सत्र एकूण (A+D):E,73,74,mat.8:40:घटक चाचणी २ - एकूण,75,76,mat.9:80:द्वितीय सत्र - लेखी परीक्षा एकूण:F,77,78,mat.10:10:द्वितीय सत्र - गृहपाठ एकूण:G,79,80,mat.11:20:द्वितीय सत्र - बहुपर्यायी प्रश्न परीक्षा एकूण,mat.12:10:१० गुणात रुपांतर:H,mat.13:20:एकूण(G+H):I,mat.14:100:द्वितीय सत्र एकूण (F+I):J,mat.15:200:एकूण:E+J,mat.16:100:100 गुणांत रुपांतर
संपूर्ण संस्कृत,13,14:A,15,16,17,18,snsk.1:20:प्रथम सत्र अंतर्गत मूल्यमापन एकूण:B,snsk.2:100:प्रथम सत्र एकूण (A+B):C,19,20:D,21,22,23,24,snsk.3:20:द्वितीय सत्र अंतर्गत मूल्यमापन एकूण:E,snsk.4:100:द्वितीय सत्र एकूण (D+E):F,snsk.5:200:एकूण:C+F,snsk.6:100:100 गुणांत रुपांतर
संपूर्ण हिंदी,25,26:A,27,28,29,30,hin.1:20:प्रथम सत्र अंतर्गत मूल्यमापन एकूण:B,hin.2:100:प्रथम सत्र एकूण (A+B):C,31,32:D,33,34,35,36,hin.3:20:द्वितीय सत्र अंतर्गत मूल्यमापन एकूण:E,hin.4:100:द्वितीय सत्र एकूण (D+E):F,hin.5:200:एकूण:C+F,hin.6:100:100 गुणांत रुपांतर
इंग्रजी,53,54:A,55,56,57,58,eng.1:20:प्रथम सत्र अंतर्गत मूल्यमापन एकूण:B,eng.2:100:प्रथम सत्र एकूण (A+B):C,59,60:D,61,62,63,64,eng.3:20:द्वितीय सत्र अंतर्गत मूल्यमापन एकूण:E,eng.4:100:द्वितीय सत्र एकूण (D+E):F,eng.5:200:एकूण:C+F,eng.6:100:100 गुणांत रुपांतर
संयुक्त हिंदी संस्कृत,37,38,ssh.1:20:घटक चाचणी १ - एकूण,39,40,ssh.2:80:लेखी परीक्षा - एकूण:A,41,42,43,44,ssh.3:20:प्रथम सत्र अंतर्गत मूल्यमापन एकूण:B,ssh.4:100:प्रथम सत्र एकूण (A+B):C,45,46,ssh.5:20:घटक चाचणी २ - एकूण,47,48,ssh.6:80:लेखी परीक्षा - एकूण:D,49,50,51,52,ssh.7:20:द्वितीय सत्र अंतर्गत मूल्यमापन एकूण:E,ssh.8:100:द्वितीय सत्र एकूण (D+E):F,ssh.9:200:एकूण:C+F:200,ssh.10:100:100 गुणांत रुपांतर
विज्ञान आणि तंत्रज्ञान,81,82,sci.1:20:घटक चाचणी १ - एकूण,83,84,sci.2:80:प्रथम सत्र लेखी परीक्षा - एकूण:A,85,86,87,88,89,90,sci.3:20:प्रथम सत्र प्रात्यक्षिक परीक्षा - एकूण:B,sci.4:100:प्रथम सत्र एकूण (A+B):C,91,92,sci.5:20:घटक चाचणी २ - एकूण,93,94,sci.6:80:द्वितीय सत्र लेखी परीक्षा - एकूण:D,95,96,97,98,99,100,sci.7:20:द्वितीय सत्र प्रात्यक्षिक परीक्षा - एकूण:E,sci.8:100:द्वितीय सत्र एकूण (D+E):F,sci.9:200:एकूण:C+F,sci.10:100:100 गुणांत  रुपांतर
समाजशास्त्र,101,102,smj.1:20:घटक चाचणी १ - एकूण ,103,104,smj.2:80:प्रथम सत्र लेखी  - एकूण:A,105,smj.3:5:5  गुणात रुपांतर,106,smj.4:5:5  गुणात रुपांतर,107,smj.5:5:5  गुणात रुपांतर,108,smj.6:5:5  गुणात रुपांतर,smj.7:20:प्रथम सत्र - एकूण अंतर्गत गुण:B,smj.8:100:प्रथम सत्र - एकूण (A+B):C,109,110,smj.9:20:घटक चाचणी २ - एकूण,111,112,smj.10:80:द्वितीय सत्र लेखी - एकूण :D,113,smj.11:5:5  गुणात रुपांतर,114,smj.12:5:5  गुणात रुपांतर,115,smj.13:5:5  गुणात रुपांतर,116,smj.14:5:5  गुणात रुपांतर,amj.15:20:द्वितीय सत्र - एकूण अंतर्गत गुण:E,smj.16:100:द्वितीय सत्र - एकूण (D+E):F,smj.17:200:एकूण:C+F,smj.18:100:100 गुणांत  रुपांतर
टेकनिकल,117,118,119,tec.1:140:प्रथम सत्र एकूण,tec.2:100:प्रथम सत्र 100गुणात रुपांतर,120,121,122,tec.3:140:द्वितीय सत्र एकूण,tec.4:100:द्वितीय सत्र 100गुणात रुपांतर,tec.5:200:एकूण,tec.6:100:100गुणात रुपांतर
आरोग्य शिक्षण आणि शारीरिक शिक्षण,123,124,125,126,127,aro.1:100:प्रथम सत्र एकूण गुण:A,aro.2::श्रेणी,128,129,130,131,132,aro.3:100:द्वितीय सत्र एकूण गुण:B,aro.4::श्रेणी,aro.5:200:प्रथम सत्र + द्वितीय सत्र एकूण गुण:A+B,aro.6:100:100 गुणात रुपांतर,aro.7::श्रेणी
स्काउट गाईड-NCC-RSP,133,134,135,136,137,138,139,140,141,ncc.1:50:एकूण प्रात्यक्षिक गुण:A,142:B,ncc.2:100:प्रथम सत्र एकूण गुण (A+B):C,143,144,145,146,147,148,149,150,151,ncc.3:50:एकूण प्रात्यक्षिक गुण:D,152:E,ncc.4:100:द्वितीय सत्र एकूण गुण(D+E):F,ncc.5:200:एकूण गुण:C+F,ncc.6:100:सरासरी गुण,ncc.7::श्रेणी
घटक चाचणी १,1::मराठी:20,gc1.1:20:हिंदी/ संस्कृत,53::इंग्रजी:20,mat.1:40:गणित,sci.1:20:विज्ञान आणि तंत्रज्ञान,gc1.2:20:समाजशास्त्र / टेकनिकल,gc1.3:140:एकुण,gc1.4:100:शे.गुण,gc1.5::शेरा
घटक चाचणी २,7::मराठी:20,gc2.1:20:हिंदी/ संस्कृत,59::इंग्रजी:20,mat.8:40:गणित,sci.5:20:विज्ञान आणि तंत्रज्ञान,gc2.2:20:समाजशास्त्र / टेकनिकल,gc2.3:140:एकुण,gc2.4:100:शे.गुण,gc2.5::शेरा
